{"cameraMode":{"drawMode":0,"name":"Shaded","section":"Shading Mode"},"sceneLighting":true,"audioPlay":false,"sceneViewState":{"showFog":true,"showMaterialUpdate":false,"showSkybox":true,"showFlares":true,"showImageEffects":true,"showParticleSystems":true},"in2DMode":false,"pivot":{"x":18.010427474975587,"y":-14.13254451751709,"z":-8.103898048400879},"rotation":{"x":-0.1770966798067093,"y":-0.8228917717933655,"z":0.37942084670066836,"w":-0.38421157002449038},"size":22.0,"orthographic":false}