{"cameraMode":{"drawMode":0,"name":"Shaded","section":"Shading Mode"},"sceneLighting":true,"audioPlay":false,"sceneViewState":{"showFog":true,"showMaterialUpdate":false,"showSkybox":true,"showFlares":true,"showImageEffects":true,"showParticleSystems":true},"in2DMode":false,"pivot":{"x":0.20124803483486176,"y":2.7779412269592287,"z":2.375257968902588},"rotation":{"x":-0.042367275804281238,"y":0.22960031032562257,"z":-0.009858922101557255,"w":-0.9723751544952393},"size":19.356094360351564,"orthographic":false}