{"cameraMode":{"drawMode":0,"name":"Shaded","section":"Shading Mode"},"sceneLighting":true,"audioPlay":false,"sceneViewState":{"showFog":true,"showMaterialUpdate":false,"showSkybox":true,"showFlares":true,"showImageEffects":true,"showParticleSystems":true},"in2DMode":false,"pivot":{"x":-0.83331698179245,"y":-8.429895401000977,"z":32.58943557739258},"rotation":{"x":0.25341466069221499,"y":-0.04699484631419182,"z":0.01233928557485342,"w":0.9661692976951599},"size":24.384578704833986,"orthographic":false}