{"cameraMode":{"drawMode":0,"name":"Shaded","section":"Shading Mode"},"sceneLighting":false,"audioPlay":false,"sceneViewState":{"showFog":true,"showMaterialUpdate":false,"showSkybox":false,"showFlares":true,"showImageEffects":true,"showParticleSystems":true},"in2DMode":false,"pivot":{"x":0.2525169849395752,"y":-1.9407813549041749,"z":-0.12780117988586427},"rotation":{"x":0.014794781804084778,"y":-0.9657261967658997,"z":0.05656583234667778,"w":0.25299137830734255},"size":3.9007046222686769,"orthographic":false}