{"cameraMode":{"drawMode":0,"name":"Shaded","section":"Shading Mode"},"sceneLighting":true,"audioPlay":false,"sceneViewState":{"showFog":true,"showMaterialUpdate":false,"showSkybox":true,"showFlares":true,"showImageEffects":true,"showParticleSystems":true},"in2DMode":false,"pivot":{"x":-1.1483689546585084,"y":1.4329042434692383,"z":4.410892009735107},"rotation":{"x":-0.2783304452896118,"y":0.08080186694860459,"z":-0.027357954531908037,"w":-0.9574885964393616},"size":1.416496992111206,"orthographic":false}