{"cameraMode":{"drawMode":0,"name":"Shaded","section":"Shading Mode"},"sceneLighting":false,"audioPlay":false,"sceneViewState":{"showFog":true,"showMaterialUpdate":false,"showSkybox":false,"showFlares":true,"showImageEffects":true,"showParticleSystems":true},"in2DMode":false,"pivot":{"x":-0.19986775517463685,"y":0.31875863671302798,"z":-0.47078102827072146},"rotation":{"x":-0.0065009621903300289,"y":-0.9573909044265747,"z":-0.021538464352488519,"w":0.2880042493343353},"size":1.1735845804214478,"orthographic":false}