{"cameraMode":{"drawMode":0,"name":"Shaded","section":"Shading Mode"},"sceneLighting":true,"audioPlay":false,"sceneViewState":{"showFog":true,"showMaterialUpdate":false,"showSkybox":false,"showFlares":true,"showImageEffects":true,"showParticleSystems":true},"in2DMode":false,"pivot":{"x":-2.5524942874908449,"y":0.017735838890075685,"z":5.439047336578369},"rotation":{"x":-0.12055715173482895,"y":0.6728525757789612,"z":-0.1178247481584549,"w":-0.7213755249977112},"size":3.216496706008911,"orthographic":false}